,Username,Repository Name,Repository URL,Main.java URL,commit_count,complexity
0,iluwatar,java-design-patterns,https://github.com/iluwatar/java-design-patterns,https://github.com/iluwatar/java-design-patterns/blob/72f7fcab0ea5677e39a8cc064e1c69527a0c309c/monitor/src/main/java/com/iluwatar/monitor/Main.java,4,10
1,projectlombok,lombok,https://github.com/projectlombok/lombok,https://github.com/projectlombok/lombok/blob/000ce6d19a3d4a7d8c88ffa51e47ffda2a3b2c79/src/core/lombok/core/Main.java,14,18
2,apache,spark,https://github.com/apache/spark,https://github.com/apache/spark/blob/8e60a04d19ed7b1d340eb7fb068df365f7969b43/launcher/src/main/java/org/apache/spark/launcher/Main.java,9,10
3,apache,dubbo,https://github.com/apache/dubbo,https://github.com/apache/dubbo/blob/b39a1e82e1a1b9bd018405e54d5680b0d587f519/dubbo-container/dubbo-container-api/src/main/java/org/apache/dubbo/container/Main.java,9,6
4,Learning-4ever,java-design-patterns,https://github.com/Learning-4ever/java-design-patterns,https://github.com/Learning-4ever/java-design-patterns/blob/9d7b9a85fde8492e05d4e0ab0ce2070bf9718959/monitor/src/main/java/com/iluwatar/monitor/Main.java,4,10
5,a0x8o,spark,https://github.com/a0x8o/spark,https://github.com/a0x8o/spark/blob/c75549c5e58e72d6a4d354640ed6a86cab5c7651/launcher/src/main/java/org/apache/spark/launcher/Main.java,2,10
6,ep-infosec,33_apache_spark,https://github.com/ep-infosec/33_apache_spark,https://github.com/ep-infosec/33_apache_spark/blob/fa7b1a1deeeafcc8052688fb8e12c08aae603632/launcher/src/main/java/org/apache/spark/launcher/Main.java,1,10
7,pestoura,Apache-Spark,https://github.com/pestoura/Apache-Spark,https://github.com/pestoura/Apache-Spark/blob/11c9838283e98d5ebe6ce13b85e26217494feef2/launcher/src/main/java/org/apache/spark/launcher/Main.java,9,10
8,ep-infosec,33_apache_dubbo,https://github.com/ep-infosec/33_apache_dubbo,https://github.com/ep-infosec/33_apache_dubbo/blob/176a66927902243b1d3c21eb8a1cadcdad171ca5/dubbo-container/dubbo-container-api/src/main/java/org/apache/dubbo/container/Main.java,1,6
9,momo-tong,dubbo-3.1.4,https://github.com/momo-tong/dubbo-3.1.4,https://github.com/momo-tong/dubbo-3.1.4/blob/0adcff7724c0d4cc87273964a21cd3004d28df1c/org/apache/dubbo/container/Main.java,1,6
10,strimzi,strimzi-kafka-operator,https://github.com/strimzi/strimzi-kafka-operator,https://github.com/strimzi/strimzi-kafka-operator/blob/c22dbd335eb0dc1eb07210ebcf3f06644eada60c/user-operator/src/main/java/io/strimzi/operator/user/Main.java,49,16
11,prevayler,prevayler,https://github.com/prevayler/prevayler,https://github.com/prevayler/prevayler/blob/f52736da5a2d7d87ef7a5cc4c2d0597df535b1cc/spikes/socketServer/src/main/java/org/prevayler/socketserver/server/Main.java,2,3
12,javalite,jar-explorer,https://github.com/javalite/jar-explorer,https://github.com/javalite/jar-explorer/blob/456390f4ea40956003b0f23d304ca6fdee1acf6b/src/main/java/javad/main.java,1,1
13,GoogleCloudPlatform,java-docs-samples,https://github.com/GoogleCloudPlatform/java-docs-samples,https://github.com/GoogleCloudPlatform/java-docs-samples/blob/f9a8e5d6fb03878afba0643ec23a68cb82590935/flexible/java-11/websocket-jetty/src/main/java/com/example/flexible/websocket/jettynative/Main.java,1,32
14,google,j2cl,https://github.com/google/j2cl,https://github.com/google/j2cl/blob/4c629d9a2c2a87343b3e78b9fae2a6fa43a6d627/transpiler/javatests/com/google/j2cl/integration/java/instancejsmethods/Main.java,1,24
15,apple,servicetalk,https://github.com/apple/servicetalk,https://github.com/apple/servicetalk/blob/f1e724db1b3f235e5b0acd2e5f2094f591f506c8/servicetalk-grpc-protoc/src/main/java/io/servicetalk/grpc/protoc/Main.java,8,6
16,ArduPilot,OMC,https://github.com/ArduPilot/OMC,https://github.com/ArduPilot/OMC/blob/466fd5b0cad7d779d26c7a0a1b1785fcb75470e9/toolchain/cssconv/src/main/java/org/cssconv/Main.java,1,9
17,jcmvbkbc,gcc-xtensa,https://github.com/jcmvbkbc/gcc-xtensa,https://github.com/jcmvbkbc/gcc-xtensa/blob/a0936f8b396491bc7894c8bc5e80971cc9138e94/libjava/classpath/tools/gnu/classpath/tools/rmic/Main.java,5,22
18,boo-lang,boo,https://github.com/boo-lang/boo,https://github.com/boo-lang/boo/blob/bc0aa51531bed5b60e557f1a3a9030bb8659f47d/lib/antlr-2.7.5/examples/java/java/Main.java,1,16
19,Gyoonus,deoptfuscator,https://github.com/Gyoonus/deoptfuscator,https://github.com/Gyoonus/deoptfuscator/blob/b63a9be018821e410194e9751548b5c68f1bd6db/android/art/tools/ahat/src/main/com/android/ahat/Main.java,1,7
20,openjdk,asmtools,https://github.com/openjdk/asmtools,https://github.com/openjdk/asmtools/blob/e27a8aaad0e34234bdef593ccd6a1c5657229fcc/src/org/openjdk/asmtools/jcdec/Main.java,2,149
21,microstream-one,microstream,https://github.com/microstream-one/microstream,https://github.com/microstream-one/microstream/blob/f4a2487d4e960d6ae246a6e05956ff00c9a130fc/examples/blobs/src/main/java/one/microstream/examples/blobs/Main.java,3,7
22,GoldenGnu,jeveassets,https://github.com/GoldenGnu/jeveassets,https://github.com/GoldenGnu/jeveassets/blob/262dc79e2d4612125438ec3c46eb755f224b2255/src/main/java/net/nikr/eve/jeveasset/Main.java,100,13
23,vespa-engine,vespa,https://github.com/vespa-engine/vespa,https://github.com/vespa-engine/vespa/blob/b8fd1760006676638e71d824174e757ecb2fe662/jdisc_core/src/main/java/com/yahoo/jdisc/core/Main.java,9,2
24,ULYSSIS-KUL,ipp,https://github.com/ULYSSIS-KUL/ipp,https://github.com/ULYSSIS-KUL/ipp/blob/9eaecce5e2e72a5e756fda20fb723e6c63d61741/Reader/src/main/java/org/ulyssis/ipp/reader/Main.java,6,4
25,UTHealth-CCB,Medex,https://github.com/UTHealth-CCB/Medex,https://github.com/UTHealth-CCB/Medex/blob/aa19558ece2e3a2922fc6675b09e56a24aa24ab3/src/org/apache/medex/Main.java,1,4
26,azakhary,overlap3d,https://github.com/azakhary/overlap3d,https://github.com/azakhary/overlap3d/blob/019734e08e295e38627efbdb31e03c13878edf9c/overlap3d/src/com/uwsoft/editor/Main.java,1,26
27,jutanke,ALP3Aufgaben,https://github.com/jutanke/ALP3Aufgaben,https://github.com/jutanke/ALP3Aufgaben/blob/045cb4d29ce1c05daa6d3be76a2b07aeefee18b4/src/ab2/aufgabe1/a/main.java,6,3
28,ceylon,ceylon-compiler,https://github.com/ceylon/ceylon-compiler,https://github.com/ceylon/ceylon-compiler/blob/f231731af6c96a35e14d4486d194a6da50dba404/src/com/redhat/ceylon/compiler/java/launcher/Main.java,29,19
29,helidon-io,helidon,https://github.com/helidon-io/helidon,https://github.com/helidon-io/helidon/blob/771471e60cdc5f43ea0be01bb9851208abffe999/examples/webserver/threadpool/src/main/java/io/helidon/examples/webserver/threadpool/Main.java,2,1
30,qwazer,scheme2ddl,https://github.com/qwazer/scheme2ddl,https://github.com/qwazer/scheme2ddl/blob/44041ef857b445ea18a4f94fba67a78227b90202/src/main/java/com/googlecode/scheme2ddl/Main.java,30,46
31,openjdk-mirror,jdk7u-jdk,https://github.com/openjdk-mirror/jdk7u-jdk,https://github.com/openjdk-mirror/jdk7u-jdk/blob/f4d80957e89a19a29bb9f9807d2a28351ed7f7df/src/share/classes/sun/tools/native2ascii/Main.java,4,25
32,buckyroberts,Source-Code-from-Tutorials,https://github.com/buckyroberts/Source-Code-from-Tutorials,https://github.com/buckyroberts/Source-Code-from-Tutorials/blob/da028c4389f3f41f18992f6e800c9c1c84e322a9/JavaFX/010_extractAndValidateInput/Main.java,3,8
33,TricksterOnline,TNT,https://github.com/TricksterOnline/TNT,https://github.com/TricksterOnline/TNT/blob/686b2b418d14a8620dab0ddc96f6718bee62dc60/src/Main.java,7,16
34,daveho,CloudCoder,https://github.com/daveho/CloudCoder,https://github.com/daveho/CloudCoder/blob/85bcb264262ec9c24b77b1458161536e58ac66eb/CloudCoderLoadTester/src/org/cloudcoder/app/loadtester/Main.java,19,24
35,AdoptOpenJDK,jsplitpkgscan,https://github.com/AdoptOpenJDK/jsplitpkgscan,https://github.com/AdoptOpenJDK/jsplitpkgscan/blob/6c62971fb80ae8c7401d5c7cf583c5f67b375488/src/main/java/jdk/jsplitpkgscan/Main.java,1,4
36,eth-sri,soltix,https://github.com/eth-sri/soltix,https://github.com/eth-sri/soltix/blob/df9840622c4321b3f4641da559a01470c9325f26/soltix/src/main/java/soltix/Main.java,1,2
37,leosanqing,Java-Notes,https://github.com/leosanqing/Java-Notes,https://github.com/leosanqing/Java-Notes/blob/f056436a858dc25fb532d05b1c17a245e62eb941/designPattern/src/com/leosanqing/decorator/Main.java,1,6
38,flexiblepower,defpi-core,https://github.com/flexiblepower/defpi-core,https://github.com/flexiblepower/defpi-core/blob/8086829d9457e865b712019c9b656962fe617ebb/orchestrator/src/main/java/org/flexiblepower/orchestrator/Main.java,29,4
39,SCI2SUGR,KEEL,https://github.com/SCI2SUGR/KEEL,https://github.com/SCI2SUGR/KEEL/blob/5f404a9470f17528445baabe3a5d9f5202adee7a/src/keel/Algorithms/Fuzzy_Rule_Learning/Genetic/ClassifierFuzzySGERD/Main.java,7,6
40,AndroidIDEOfficial,AndroidIDE,https://github.com/AndroidIDEOfficial/AndroidIDE,https://github.com/AndroidIDEOfficial/AndroidIDE/blob/fa0aef12d25542070eb719568ae5d0ecbe8d62a2/subprojects/jdk-jdeps/src/main/java/openjdk/tools/javap/Main.java,1,4
41,SCI2SUGR,KEEL,https://github.com/SCI2SUGR/KEEL,https://github.com/SCI2SUGR/KEEL/blob/5f404a9470f17528445baabe3a5d9f5202adee7a/src/keel/Algorithms/ImbalancedClassification/ImbalancedAlgorithms/GP_COACH_H/Main.java,2,52
42,qtjambi,qtjambi,https://github.com/qtjambi/qtjambi,https://github.com/qtjambi/qtjambi/blob/8ef99da63315945e6ab540cc31d66e5b021b69e4/doc/src/snippets/qdir-listfiles/main.java,3,4
43,PMaynard,ICS-TestBed-Framework,https://github.com/PMaynard/ICS-TestBed-Framework,https://github.com/PMaynard/ICS-TestBed-Framework/blob/6d30aba89bf2a60428a107e86b9863ea34001aad/node/src/main/java/xyz/scada/testbed/node/Main.java,1,15
44,AdoptOpenJDK,openjdk-jdk,https://github.com/AdoptOpenJDK/openjdk-jdk,https://github.com/AdoptOpenJDK/openjdk-jdk/blob/9d8ad2ed62325bd8d813974d5aa1e031ed8bf8da/src/jdk.compiler/share/classes/com/sun/tools/javac/launcher/Main.java,9,18
45,benjaminpick,java-thumbnailer,https://github.com/benjaminpick/java-thumbnailer,https://github.com/benjaminpick/java-thumbnailer/blob/12c6d926273fd5e37715d4e123e0d4fa8538a7e1/src/de/uni_siegen/wineme/come_in/thumbnailer/Main.java,7,27
46,CurryYuan,Practical-Training,https://github.com/CurryYuan/Practical-Training,https://github.com/CurryYuan/Practical-Training/blob/24b0b26924536884d4afc82580e103845ce97728/jigsaw_code/src/judge/main.java,1,12
47,svn2github,vuze,https://github.com/svn2github/vuze,https://github.com/svn2github/vuze/blob/54aa4a3f85a0e08fc84911634ff70b2f658857cf/trunk/azureus2/src/org/gudy/azureus2/ui/none/Main.java,2,5
48,abhinavsinha1223,oibsip_task3,https://github.com/abhinavsinha1223/oibsip_task3,https://github.com/abhinavsinha1223/oibsip_task3/blob/224f75e5d88e8237970bde4604c2b811009ceb21/ATM%20INTERFACE/src/mainClass.java,0,11
49,openjdk,jtharness,https://github.com/openjdk/jtharness,https://github.com/openjdk/jtharness/blob/31109d8a6ecfd6bb25d84fc26d6bcdda9f24e4cc/src/com/sun/javatest/tool/Main.java,26,55
50,shford,cs330-f20-pex0,https://github.com/shford/cs330-f20-pex0,https://github.com/shford/cs330-f20-pex0/blob/e5e9a03b41e3f8af791626a89dab4516c2e320ac/src/main.java,1,11
51,ernvalentino88,OMAassignment,https://github.com/ernvalentino88/OMAassignment,https://github.com/ernvalentino88/OMAassignment/blob/b1e887d6c10636f15c3960d33062cf49d9c723ac/solverVRP_ernesto/src/main/java/jsprit/examples/main.java,1,5
52,stephanrauh,JSF-on-Spring-Boot,https://github.com/stephanrauh/JSF-on-Spring-Boot,https://github.com/stephanrauh/JSF-on-Spring-Boot/blob/aa891cf050957953a6462b9f8943715baad6e807/PrimeFacesJSR303OnSpringBoot/src/main/java/de/beyondjava/main/Main.java,1,2
53,iSECPartners,package-play,https://github.com/iSECPartners/package-play,https://github.com/iSECPartners/package-play/blob/0cd9fed41ec87b7c6a780edbff51d2d339c1f8a3/src/com/isecpartners/android/packageplay/Main.java,2,3
54,OroArmor,java-vulkan,https://github.com/OroArmor/java-vulkan,https://github.com/OroArmor/java-vulkan/blob/652f290226e39552c63779d182d03e9750a9f304/src/main/java/com/oroarmor/vulkan/Main.java,2,3
55,kruland2607,RocketTrack,https://github.com/kruland2607/RocketTrack,https://github.com/kruland2607/RocketTrack/blob/22a67684d3d331087d5eb1f6cd3b021a6b74d337/src/org/rockettrack/Main.java,27,23
56,AI-4-SE,White-Box-Performance-Influence-Models,https://github.com/AI-4-SE/White-Box-Performance-Influence-Models,https://github.com/AI-4-SE/White-Box-Performance-Influence-Models/blob/2552c6f1cf665d87b2823d6a6ece614bbe44ae74/supplementary-website/SubjectSystems/prevayler/prevayler/spikes/socketServer/src/main/java/org/prevayler/socketserver/server/Main.java,1,3
57,ep-infosec,50_google_j2cl,https://github.com/ep-infosec/50_google_j2cl,https://github.com/ep-infosec/50_google_j2cl/blob/d6a4178fbf7653b1eb0e173bc52f125facd0e238/transpiler/javatests/com/google/j2cl/integration/java/instancejsmethods/Main.java,1,24
58,felipealmeida,gcc-vc4,https://github.com/felipealmeida/gcc-vc4,https://github.com/felipealmeida/gcc-vc4/blob/d9dc05a18a24f4096a08dd3866da04d1abaf7c1a/libjava/classpath/tools/gnu/classpath/tools/rmic/Main.java,5,22
59,davidgiven,gcc-vc4,https://github.com/davidgiven/gcc-vc4,https://github.com/davidgiven/gcc-vc4/blob/9b6da7832983d4a2ab6bc805f778802d316dfc42/libjava/classpath/tools/gnu/classpath/tools/rmic/Main.java,1,22
60,atgreen,gcc,https://github.com/atgreen/gcc,https://github.com/atgreen/gcc/blob/76cc869aa9710764c7732d9bca0740fcf6865a27/libjava/classpath/tools/gnu/classpath/tools/rmic/Main.java,5,22
61,distribute,gcc482,https://github.com/distribute/gcc482,https://github.com/distribute/gcc482/blob/bbe94f40386c6983198401f8aab7eecc262911d6/libjava/classpath/tools/gnu/classpath/tools/rmic/Main.java,1,22
62,grammarware,slps,https://github.com/grammarware/slps,https://github.com/grammarware/slps/blob/a39bb0f8454de8508269d4467f2501badbb2cc4a/topics/grammars/java-3/parr/Main.java,1,16
63,antlr,website-antlr3,https://github.com/antlr/website-antlr3,https://github.com/antlr/website-antlr3/blob/cf15f90f0c433b1658c952c9f5704c5e5bdabaa4/grammar/java-1.3/Main.java,1,16
64,boo,boo-lang,https://github.com/boo/boo-lang,https://github.com/boo/boo-lang/blob/df1ca26d14e0f14ad2b6ceff048343984b832378/lib/antlr-2.7.5/examples/java/java/Main.java,1,16
65,nco,antlr2,https://github.com/nco/antlr2,https://github.com/nco/antlr2/blob/03f5c33631c8217f345381985014473c743bad4a/examples/java/java/Main.java,1,16
66,choose-a,android_art,https://github.com/choose-a/android_art,https://github.com/choose-a/android_art/blob/8cd475ec0747fae1452d0170106938bc6df94730/tools/ahat/src/main/com/android/ahat/Main.java,4,7
67,Evolution-X-Legacy,art,https://github.com/Evolution-X-Legacy/art,https://github.com/Evolution-X-Legacy/art/blob/0ef4604f57d18d449761db1fb6046f39132f15ac/tools/ahat/src/main/com/android/ahat/Main.java,4,7
68,ResurrectionRemix,android_art,https://github.com/ResurrectionRemix/android_art,https://github.com/ResurrectionRemix/android_art/blob/eb7754a95704bed9db0ac36cea624a7a69be44e4/tools/ahat/src/main/com/android/ahat/Main.java,4,7
69,LotusOS-Android,android_art,https://github.com/LotusOS-Android/android_art,https://github.com/LotusOS-Android/android_art/blob/592fcfd28b0db41dfdf82d82e5c4cc1cb0f476f8/tools/ahat/src/main/com/android/ahat/Main.java,4,7
70,thinwind,code-lab,https://github.com/thinwind/code-lab,https://github.com/thinwind/code-lab/blob/03bcd2c0a33d669b51747c239328d4dbd746f051/java/jvm/asmtools/src/org/openjdk/asmtools/jcdec/Main.java,1,149
71,openjdk,valhalla,https://github.com/openjdk/valhalla,https://github.com/openjdk/valhalla/blob/054524e323138d0b4d2dfaed0cca8e1b77f6bce4/test/lib/org/openjdk/asmtools/jcdec/Main.java,1,149
72,bountyflow,vespa,https://github.com/bountyflow/vespa,https://github.com/bountyflow/vespa/blob/2dd448300fe3f25e1732b11d2eb238566178dd8c/jdisc_core/src/main/java/com/yahoo/jdisc/core/Main.java,9,2
73,jmlongriver,Clinical-NLP-System,https://github.com/jmlongriver/Clinical-NLP-System,https://github.com/jmlongriver/Clinical-NLP-System/blob/b5e8f436fef679a76fe079e612170c33d0c2108f/src/org/apache/medex/Main.java,1,4
74,Helbrass,openjdk-fontfix,https://github.com/Helbrass/openjdk-fontfix,https://github.com/Helbrass/openjdk-fontfix/blob/0681e728978835651e51cfb879b0520d9c73a18a/openjdk7/jdk/src/share/classes/sun/tools/native2ascii/Main.java,1,25
75,mopenjdk,jdk7-jdk,https://github.com/mopenjdk/jdk7-jdk,https://github.com/mopenjdk/jdk7-jdk/blob/f977378235c3f9a73b6f90980cbbcb3c78263c30/src/share/classes/sun/tools/native2ascii/Main.java,4,25
76,wugy11,openjdk1.7,https://github.com/wugy11/openjdk1.7,https://github.com/wugy11/openjdk1.7/blob/78bd8a435297262107c6b30320452325f26793ef/jdk/src/share/classes/sun/tools/native2ascii/Main.java,1,25
77,kgilmer,openjdk-7-mermaid,https://github.com/kgilmer/openjdk-7-mermaid,https://github.com/kgilmer/openjdk-7-mermaid/blob/8898807d82e068cfeb970bc8ac5d42ca24601437/src/share/classes/sun/tools/native2ascii/Main.java,4,25
78,amareshchaudhary,Source-Code-From-Bucky-Roberts,https://github.com/amareshchaudhary/Source-Code-From-Bucky-Roberts,https://github.com/amareshchaudhary/Source-Code-From-Bucky-Roberts/blob/69204d4b00a44e569daedfa068206247294c10bf/JavaFX/010_extractAndValidateInput/Main.java,1,8
79,vadimstasiev,JavaAssignment,https://github.com/vadimstasiev/JavaAssignment,https://github.com/vadimstasiev/JavaAssignment/blob/bda1bc307429f7e90631e53c58c8c9ca5133496a/Learning_Resources/JavaFx/JavaFx/010_extractAndValidateInput/Main.java,1,8
80,Moolvie,Source-code-From-Bucky-Roberts,https://github.com/Moolvie/Source-code-From-Bucky-Roberts,https://github.com/Moolvie/Source-code-From-Bucky-Roberts/blob/69204d4b00a44e569daedfa068206247294c10bf/JavaFX/010_extractAndValidateInput/Main.java,1,8
81,poseidongroup,qtjambi,https://github.com/poseidongroup/qtjambi,https://github.com/poseidongroup/qtjambi/blob/ad02033910f23fc584e1bf9a0a4ea2c2cf9be1f2/doc/src/snippets/qdir-listfiles/main.java,3,4
82,ibmruntimes,openj9-openjdk-jdk17,https://github.com/ibmruntimes/openj9-openjdk-jdk17,https://github.com/ibmruntimes/openj9-openjdk-jdk17/blob/31bcd9f42055c70946d932f9a4bcb3a2fb09fd32/src/jdk.compiler/share/classes/com/sun/tools/javac/launcher/Main.java,9,18
83,ibmruntimes,semeru-openjdk-jdk17,https://github.com/ibmruntimes/semeru-openjdk-jdk17,https://github.com/ibmruntimes/semeru-openjdk-jdk17/blob/31bcd9f42055c70946d932f9a4bcb3a2fb09fd32/src/jdk.compiler/share/classes/com/sun/tools/javac/launcher/Main.java,9,18
84,ibmruntimes,openj9-openjdk-jdk17-bak,https://github.com/ibmruntimes/openj9-openjdk-jdk17-bak,https://github.com/ibmruntimes/openj9-openjdk-jdk17-bak/blob/3bd7397f89ac9a17504539d17e4fd2aa878925c5/src/jdk.compiler/share/classes/com/sun/tools/javac/launcher/Main.java,9,18
85,eisop,jdk,https://github.com/eisop/jdk,https://github.com/eisop/jdk/blob/4d3d99734c3000363de9e52feda0ec898887a923/src/jdk.compiler/share/classes/com/sun/tools/javac/launcher/Main.java,9,18
86,svn2github,vuze,https://github.com/svn2github/vuze,https://github.com/svn2github/vuze/blob/54aa4a3f85a0e08fc84911634ff70b2f658857cf/tags/RELEASE_5760/azureus2/src/org/gudy/azureus2/ui/none/Main.java,1,5
87,svn2github,vuze,https://github.com/svn2github/vuze,https://github.com/svn2github/vuze/blob/54aa4a3f85a0e08fc84911634ff70b2f658857cf/tags/RELEASE_5720/azureus2/src/org/gudy/azureus2/ui/none/Main.java,1,5
88,svn2github,vuze,https://github.com/svn2github/vuze,https://github.com/svn2github/vuze/blob/54aa4a3f85a0e08fc84911634ff70b2f658857cf/tags/RELEASE_5620/azureus2/src/org/gudy/azureus2/ui/none/Main.java,1,5
89,svn2github,vuze,https://github.com/svn2github/vuze,https://github.com/svn2github/vuze/blob/54aa4a3f85a0e08fc84911634ff70b2f658857cf/tags/RELEASE_5700/azureus2/src/org/gudy/azureus2/ui/none/Main.java,1,5
90,deepin-community,jtharness,https://github.com/deepin-community/jtharness,https://github.com/deepin-community/jtharness/blob/56b2e7da218a2cf5245dadb15635effc083d7d44/src/com/sun/javatest/tool/Main.java,1,55
91,ithunter101,JSF-on-Spring-Boot,https://github.com/ithunter101/JSF-on-Spring-Boot,https://github.com/ithunter101/JSF-on-Spring-Boot/blob/24fecf11bfcbdffd27916ad982fd2b8bb74f1c1a/PrimeFacesJSR303OnSpringBoot/src/main/java/de/beyondjava/main/Main.java,1,2
92,GlennLefevere,jsf-spring-boot,https://github.com/GlennLefevere/jsf-spring-boot,https://github.com/GlennLefevere/jsf-spring-boot/blob/96be0ad9d4f8e53c67f7622fa1f89151adc72820/src/main/java/de/beyondjava/main/Main.java,1,2
93,jenkinsci,jenkins,https://github.com/jenkinsci/jenkins,https://github.com/jenkinsci/jenkins/blob/eb96b8e07bcf2da498411ede238d24a18ec075c3/war/src/main/java/executable/Main.java,9,11
94,fuzhengwei,itstack-demo-jvm,https://github.com/fuzhengwei/itstack-demo-jvm,https://github.com/fuzhengwei/itstack-demo-jvm/blob/d26c3bbd9c92362ff54c7c25d812411569043761/itstack-demo-jvm-02/src/main/java/org/itstack/demo/jvm/Main.java,2,2
95,SCI2SUGR,KEEL,https://github.com/SCI2SUGR/KEEL,https://github.com/SCI2SUGR/KEEL/blob/5f404a9470f17528445baabe3a5d9f5202adee7a/src/keel/Algorithms/Lazy_Learning/KNN/Main.java,7,2
96,Stoefff,TUES-Tasks,https://github.com/Stoefff/TUES-Tasks,https://github.com/Stoefff/TUES-Tasks/blob/2bdbd517eee101e6ad29db4ba9fd86cd7bcce5c8/JavaSpace/DqdoMrazSync/src/org/paynersoft/MainClass.java,1,4
97,tejas238,OOP-Projects,https://github.com/tejas238/OOP-Projects,https://github.com/tejas238/OOP-Projects/blob/6f466c90caf7eb2d131cf162082e6ea868878f95/HW5/Program_5_Tejas_Menon_CS202/Program_5_Tejas_Menon_CS202/src/main.java,1,10
98,OpenSocial,examples,https://github.com/OpenSocial/examples,https://github.com/OpenSocial/examples/blob/065c8e5baff598aa63baf1579723c63679ca25a8/gadgets/ee-generator/src/org/opensocial/examples/eegenerator/Main.java,3,16
99,estiradikal,Proyecto_memorabble,https://github.com/estiradikal/Proyecto_memorabble,https://github.com/estiradikal/Proyecto_memorabble/blob/45c50aaceb78dca906378f45a206886a86b7fd02/src/controlador/main.java,6,4
100,QuiltMC,dev-launch-injector,https://github.com/QuiltMC/dev-launch-injector,https://github.com/QuiltMC/dev-launch-injector/blob/37c08135c171e0034bab3a24dca54a7124e4c91b/src/main/java/org/quiltmc/devlaunchinjector/Main.java,1,5
101,SonarSource,sonar-scanner-commons,https://github.com/SonarSource/sonar-scanner-commons,https://github.com/SonarSource/sonar-scanner-commons/blob/e3c4fde2faa64a0d64f8c4f8e8ff951c7888621b/its/it-simple-scanner/src/main/java/com/sonar/scanner/api/it/Main.java,9,1
102,SCI2SUGR,KEEL,https://github.com/SCI2SUGR/KEEL,https://github.com/SCI2SUGR/KEEL/blob/5f404a9470f17528445baabe3a5d9f5202adee7a/src/keel/Algorithms/RE_SL_Postprocess/Post_G_T_LatAmp_FRBSs/Main.java,6,18
103,endeavourhealth,HL7Receiver,https://github.com/endeavourhealth/HL7Receiver,https://github.com/endeavourhealth/HL7Receiver/blob/6618bb7dfa9297fbdbe6bb59ff66575891258a63/src/hl7sender/src/main/java/org/endeavourhealth/hl7sender/Main.java,4,37
104,DDevivo98,D-D-character-creator,https://github.com/DDevivo98/D-D-character-creator,https://github.com/DDevivo98/D-D-character-creator/blob/da1e6f39e1b31577589ddea5447e00e9512127d3/main.java,1,13
105,knopflerfish,knopflerfish.org,https://github.com/knopflerfish/knopflerfish.org,https://github.com/knopflerfish/knopflerfish.org/blob/c643174e9cf1ef89d15d6c0c34772587b6351b06/tools/android/bundledexify/src/org/knopflerfish/tools/bundledexify/Main.java,2,5
106,viraj071,SPOJ,https://github.com/viraj071/SPOJ,https://github.com/viraj071/SPOJ/blob/57232711dddecf16dadb0b6b3668a77fc59041cb/2523.%20Misspelling/main.java,0,5
107,BAXTER-IT,yurconf,https://github.com/BAXTER-IT/yurconf,https://github.com/BAXTER-IT/yurconf/blob/d83de9ccbf6215f19ed26025f59f189628644e1b/server/src/main/java/org/yurconf/server/Main.java,4,4
108,thaycacac,java,https://github.com/thaycacac/java,https://github.com/thaycacac/java/blob/0e14f5aa30dfa52632cc74ec9c5e2d7b29179d77/[LAB211]%20OOP%20with%20Java%20Lab/PASSED-TRITD-FALL21/Lab_4/src/Main.java,0,16
109,bg1bgst333,Sample,https://github.com/bg1bgst333/Sample,https://github.com/bg1bgst333/Sample/blob/7e11bf3ffb02603f21274ec2207c094fe64a37dd/java/ArrayList/ArrayList/src/ArrayList/ArrayList/src/MainClass.java,1,7
110,shiningflash,Sorting-Algorithm-Visualization,https://github.com/shiningflash/Sorting-Algorithm-Visualization,https://github.com/shiningflash/Sorting-Algorithm-Visualization/blob/505034657f2f719fc76811b4ae8c8730858d8e6e/src/sortingalgorithmvisualization/MainClass.java,1,3
111,NekoFluff,Twitter_SyntheticTwitterHistory,https://github.com/NekoFluff/Twitter_SyntheticTwitterHistory,https://github.com/NekoFluff/Twitter_SyntheticTwitterHistory/blob/7c82d2598b9f9aaa91f570370b5031766a55bf37/src/main.java,2,6
112,shawndeprey,fizzbuzz,https://github.com/shawndeprey/fizzbuzz,https://github.com/shawndeprey/fizzbuzz/blob/1af5860bf589d09082031f4f8686d112d9f81cc7/src/main.java,3,14
113,Dirack,Estudos,https://github.com/Dirack/Estudos,https://github.com/Dirack/Estudos/blob/aebc443ba38825ce7d2a1c941f0fd8b54a5eb2c3/Java/botoes_JFrame_Completo/main.java,1,4
114,josemmo,cutrecoin,https://github.com/josemmo/cutrecoin,https://github.com/josemmo/cutrecoin/blob/df9ee5ea9ea028d76e59b54d97307a9ceaf54002/src/tk/josemmo/main.java,1,23
115,nikita36078,phoneME-android,https://github.com/nikita36078/phoneME-android,https://github.com/nikita36078/phoneME-android/blob/fb74df11de23c9e4a34fb46037c6a62e12335258/midp/src/tool/fontgen/buildtimeFontGenerator/src/buildtimefontgenerator/Main.java,1,7
116,Exorath,ConnectorService,https://github.com/Exorath/ConnectorService,https://github.com/Exorath/ConnectorService/blob/939839919e47e686c652151809d9745945ab915f/src/main/java/com/exorath/service/connector/Main.java,7,3
117,ParkDongJo,computer_science,https://github.com/ParkDongJo/computer_science,https://github.com/ParkDongJo/computer_science/blob/8d0c828363cede05ed145db1163fae6c6c2b441a/src/MainClass.java,5,2
118,ChristianStroyer,BranchMaster,https://github.com/ChristianStroyer/BranchMaster,https://github.com/ChristianStroyer/BranchMaster/blob/6beb4c7064cb3952f32689b84e7d5e4e416a1ba0/BranchMaster/src/com/blubi/branchmaster/Main.java,2,17
119,Zayats7,Java,https://github.com/Zayats7/Java,https://github.com/Zayats7/Java/blob/33bd46f315305a14f6c2182a29d16a512b103081/main.java,1,3
120,line,armeria,https://github.com/line/armeria,https://github.com/line/armeria/blob/ce5b42f36a4a5515a28cee7a15b2a3e2ca5f76c2/examples/proxy-server/src/main/java/example/armeria/proxy/Main.java,8,1
121,DellonShao,leetcode,https://github.com/DellonShao/leetcode,https://github.com/DellonShao/leetcode/blob/ed932cc5cdb24ffc06c50ebb68ab7aabc5decab1/src/_131_PalindromePartitioning/MainClass.java,1,8
122,svn2github,icepdf,https://github.com/svn2github/icepdf,https://github.com/svn2github/icepdf/blob/6b4a637e1a1dfb8529c3cd041a0e72191079823d/viewer/viewer-awt/src/main/java/org/icepdf/ri/viewer/Main.java,2,3
123,turon,mantis,https://github.com/turon/mantis,https://github.com/turon/mantis/blob/9332c149b26c8acdd043928ee25dd5a9c19fd046/src/apps/deprecated/gps_tracking/data/MAIN.java,1,12
124,Yonaba,Java-samples,https://github.com/Yonaba/Java-samples,https://github.com/Yonaba/Java-samples/blob/57b1a3ffba77a3d0bcc42031b480eae37dc8ffe2/Thread/src/Main.java,1,5
125,JetstormEnterprise,pkmn,https://github.com/JetstormEnterprise/pkmn,https://github.com/JetstormEnterprise/pkmn/blob/20de9d6f93432bf8f2866ca10fcb8574d5789994/PknTry/src/Jetstorm/Enterprise/Main/MainClass.java,1,10
126,AmritpalChera,Triangle-Solver,https://github.com/AmritpalChera/Triangle-Solver,https://github.com/AmritpalChera/Triangle-Solver/blob/7f8b395de8d65ab858c590c9cbde988ac5afdbcf/main.java,1,17
127,jaxcksn,nanoleafMusic,https://github.com/jaxcksn/nanoleafMusic,https://github.com/jaxcksn/nanoleafMusic/blob/c0fdee85462b9546b6baf44e6e22373a6e691756/src/main/java/dev/jaxcksn/nanoleafMusic/Main.java,9,23
128,pcy190,patch_analyzer,https://github.com/pcy190/patch_analyzer,https://github.com/pcy190/patch_analyzer/blob/1d6b50f9115f2c303f608477dfe50cf667beac78/src/main/java/main.java,7,6
129,paintAsone,ComArch-Simulator,https://github.com/paintAsone/ComArch-Simulator,https://github.com/paintAsone/ComArch-Simulator/blob/eeb092f37999dde45e25873581275a99861e1f1b/src/main.java,8,19
130,kodecocodes,ka-materials,https://github.com/kodecocodes/ka-materials,https://github.com/kodecocodes/ka-materials/blob/518d0930c767abce1c99682c79e604b6bf8878ad/19-kotlin-java-interoperability/projects/challenge/src/main/java/main.java,4,11
131,pestoura,Jenkins,https://github.com/pestoura/Jenkins,https://github.com/pestoura/Jenkins/blob/38d3a27528b465ea7331e254d3dd4820374c5a87/war/src/main/java/executable/Main.java,9,11
132,NotMyFault,Maven-PoCs,https://github.com/NotMyFault/Maven-PoCs,https://github.com/NotMyFault/Maven-PoCs/blob/b260928d69d3e66678746fb8427a76e32f486702/war/src/main/java/executable/Main.java,9,11
133,b00n-tdh,LAB211_Project,https://github.com/b00n-tdh/LAB211_Project,https://github.com/b00n-tdh/LAB211_Project/blob/c8d359dd1a7ffef630874c8a530f9c2cea4d432a/[LAB211]%20OOP%20with%20Java%20Lab/PASSED-TRITD-FALL21/Lab_4/src/Main.java,0,16
134,namishai,#NAME?,https://github.com/namishai/-LAB211-OOP-with-Java-Lab__SU22,https://github.com/namishai/-LAB211-OOP-with-Java-Lab__SU22/blob/26ed4ece4281d9706881abf884c9a042233e8d69/[LAB211]%20OOP%20with%20Java%20Lab/PASSED-TRITD-FALL21/Lab_4/src/Main.java,0,16
135,datphhe130906,FPTU,https://github.com/datphhe130906/FPTU,https://github.com/datphhe130906/FPTU/blob/96e3f65e83c8d2610c46d37f08fb889ed2f81f2f/java/[LAB211]%20OOP%20with%20Java%20Lab/PASSED-TRITD-FALL21/Lab_4/src/Main.java,0,16
136,magicus,phoneME,https://github.com/magicus/phoneME,https://github.com/magicus/phoneME/blob/a0ec242bb01bff38d2a7f4550163aafcde9253d6/midp/src/tool/fontgen/buildtimeFontGenerator/src/buildtimefontgenerator/Main.java,1,7
137,pthalin,bittboy-j2me,https://github.com/pthalin/bittboy-j2me,https://github.com/pthalin/bittboy-j2me/blob/cf5e4ff77be050db63a07877e5407b740ebe51e3/phoneme_advanced_mr2/midp/src/tool/fontgen/buildtimeFontGenerator/src/buildtimefontgenerator/Main.java,1,7
138,dog-god,iptv,https://github.com/dog-god/iptv,https://github.com/dog-god/iptv/blob/44e68de35972feb623625e16f378ffa2dc2d2249/advanced/midp/src/tool/fontgen/buildtimeFontGenerator/src/buildtimefontgenerator/Main.java,1,7
139,line,armeria-examples,https://github.com/line/armeria-examples,https://github.com/line/armeria-examples/blob/adf22f173bdfa9067f9b73a7723cdd8b9d9e7338/proxy-server/src/main/java/example/armeria/proxy/Main.java,6,1
140,ghostandthemachine,mantis-os,https://github.com/ghostandthemachine/mantis-os,https://github.com/ghostandthemachine/mantis-os/blob/848d97ff3f55b76c073eb622ad48536ee1eb7883/mantis-1.0-beta/src/apps/deprecated/gps_tracking/data/MAIN.java,1,12
141,imharryzhu,AndroidControl,https://github.com/imharryzhu/AndroidControl,https://github.com/imharryzhu/AndroidControl/blob/6b186334ef6c6934d66bc92eb18323b53a4b7b7a/src/main/java/com/yeetor/Main.java,12,2
142,eclipse-openj9,openj9,https://github.com/eclipse-openj9/openj9,https://github.com/eclipse-openj9/openj9/blob/3dddeecdd80a7509f9caaac95f3ec5ab8cc4486b/sourcetools/com.ibm.admincache/src/com/ibm/admincache/Main.java,7,7
143,projectlombok,lombok,https://github.com/projectlombok/lombok,https://github.com/projectlombok/lombok/blob/9e5e0c3803dd5e4306bb54b4976d1c03ec1a8ee2/src/core/lombok/core/Main.java,14,18
144,eugenp,tutorials,https://github.com/eugenp/tutorials,https://github.com/eugenp/tutorials/blob/68167f73c0a891b8def438c628335c7de2b05efe/mybatis/src/main/java/com/baeldung/mybatis_sqlscript/Main.java,1,7
145,strimzi,strimzi-kafka-operator,https://github.com/strimzi/strimzi-kafka-operator,https://github.com/strimzi/strimzi-kafka-operator/blob/0c4e96de69e20cb80e86fd8ccb3ab8baca431822/user-operator/src/main/java/io/strimzi/operator/user/Main.java,49,16
146,ZoranPandovski,al-go-rithms,https://github.com/ZoranPandovski/al-go-rithms,https://github.com/ZoranPandovski/al-go-rithms/blob/4ae6ba54e90af14af236e03e435eb0402dcac787/cryptography/porta_cipher/java/Main.java,1,4
147,psvenz,OSMTileMachine,https://github.com/psvenz/OSMTileMachine,https://github.com/psvenz/OSMTileMachine/blob/8abe0debb84326e6b3458e201602dcebd212c833/osmTileMachine/src/osmTileMachine/MainClass.java,39,42
148,Skotizo,VirusTotalBot,https://github.com/Skotizo/VirusTotalBot,https://github.com/Skotizo/VirusTotalBot/blob/9fb536da277af4c87a406ac73eb24c6d18db14eb/VirusTotalBot/source/src/main/java/maven/vtmaven/main.java,1,4
149,kdenhartog,Data-Structures-CS2230,https://github.com/kdenhartog/Data-Structures-CS2230,https://github.com/kdenhartog/Data-Structures-CS2230/blob/37eebbd77b337bbbb0907ac96bc00e53a5c43d2b/HW5/src/main.java,1,29
150,barsgroup,plsql-postgresql-converter,https://github.com/barsgroup/plsql-postgresql-converter,https://github.com/barsgroup/plsql-postgresql-converter/blob/af491a03a4fd48c3de19fb0d510334a54b68ec18/asttypgen/src/main.java,4,197
151,nsatvik,ts-datamining,https://github.com/nsatvik/ts-datamining,https://github.com/nsatvik/ts-datamining/blob/34014df899bac24df9f0e0865d11af70f77ab140/TSDM/src/org/ck/gui/MainClass.java,29,35
152,jenkinsci,jenkins,https://github.com/jenkinsci/jenkins,https://github.com/jenkinsci/jenkins/blob/55547f9aab708b2546d353d3d53a6401378cb4f2/war/src/main/java/executable/Main.java,9,11
153,intervigilium,Lame4Android,https://github.com/intervigilium/Lame4Android,https://github.com/intervigilium/Lame4Android/blob/851ee228151f8762a2942c3f32c0990b0d7fe8f7/src/com/intervigil/lame/Main.java,21,34
154,AlexandreBrillant,Editix-xml-editor,https://github.com/AlexandreBrillant/Editix-xml-editor,https://github.com/AlexandreBrillant/Editix-xml-editor/blob/4566dde1f63076d897bbe4a5f56948176662677b/src/com/japisoft/editix/main/Main.java,1,13
155,SCI2SUGR,KEEL,https://github.com/SCI2SUGR/KEEL,https://github.com/SCI2SUGR/KEEL/blob/5f404a9470f17528445baabe3a5d9f5202adee7a/src/keel/Algorithms/Fuzzy_Instance_Based_Learning/FRNN_VQRS/Main.java,3,5
156,agreementmaker,agreementmaker,https://github.com/agreementmaker/agreementmaker,https://github.com/agreementmaker/agreementmaker/blob/4c5504573a45391c1d635c19b3e57435d7ed3433/projects/core/src/main/java/am/Main.java,2,8
157,secure-software-engineering,DroidForce,https://github.com/secure-software-engineering/DroidForce,https://github.com/secure-software-engineering/DroidForce/blob/6d89d137cc04a44d5669e2256b4790976fe861b6/Instrumentation-PEP/src/de/ecspride/Main.java,21,18
158,javamelody,javamelody,https://github.com/javamelody/javamelody,https://github.com/javamelody/javamelody/blob/cd5916f829ad44e3bb8de42b6a7736313c646c21/javamelody-swing/src/main/java/net/bull/javamelody/Main.java,34,8
159,Lakkichand,android-education-project,https://github.com/Lakkichand/android-education-project,https://github.com/Lakkichand/android-education-project/blob/4498a08b577a61090343cec289edb835d7909ed4/Lame4Android/src/com/intervigil/lame/Main.java,1,34
160,ibmruntimes,semeru-openjdk-jdk17,https://github.com/ibmruntimes/semeru-openjdk-jdk17,https://github.com/ibmruntimes/semeru-openjdk-jdk17/blob/1325590ef3e10f10dfdf9726d3e0b62f7e282d70/src/jdk.compiler/share/classes/com/sun/tools/javac/launcher/Main.java,9,18
161,stephenfreund,RoadRunner,https://github.com/stephenfreund/RoadRunner,https://github.com/stephenfreund/RoadRunner/blob/b14161679702114a6b4023d7e3e3a836849e8aac/benchmarks/xalan/Main.java,1,4
162,yuanguangxin,LeetCode,https://github.com/yuanguangxin/LeetCode,https://github.com/yuanguangxin/LeetCode/blob/f58a68dcb18ba5382256e95275dac863c5fd8e1e/src/%E5%85%B6%E4%BB%96/%E8%BF%AA%E6%9D%B0%E6%96%AF%E7%89%B9%E6%8B%89/Main.java,0,6
163,dli85,CS2510,https://github.com/dli85/CS2510,https://github.com/dli85/CS2510/blob/f84d5afd441acc7d8777fb076748ab4f81a34e05/MazeSolver/main.java,1,16
164,eclipsesource,theia-cloud,https://github.com/eclipsesource/theia-cloud,https://github.com/eclipsesource/theia-cloud/blob/dd11af404e0bce8d3b4bcbb07958bca1b67541bd/java/operator/org.eclipse.theia.cloud.operator/src/main/java/org/eclipse/theia/cloud/operator/Main.java,11,8
165,AdamaJava,adamajava,https://github.com/AdamaJava/adamajava,https://github.com/AdamaJava/adamajava/blob/371bb21f2dae6556bdb40dc116cc238709840412/qbamannotate/src/org/qcmg/qbamannotate/Main.java,2,42
166,tgrall,mongodb-workshop,https://github.com/tgrall/mongodb-workshop,https://github.com/tgrall/mongodb-workshop/blob/256b01ac7684fad7de30ad6268b8de55d2d93aee/java/src/main/java/org/mongodb/workshop/Main.java,1,20
167,imperva,domain-directory-controller,https://github.com/imperva/domain-directory-controller,https://github.com/imperva/domain-directory-controller/blob/6916a6d8aeb43efd0f00b5392253eaabe48c9a96/startingkit/ddckit/src/main/java/com/imperva/ddc/kit/Main.java,9,79
168,agaricusb,MCPBukkit,https://github.com/agaricusb/MCPBukkit,https://github.com/agaricusb/MCPBukkit/blob/73b4ee78bcf7b0b43fa4bffdeb52775bf8e3c782/src/org/bukkit/craftbukkit/Main.java,1,5
169,android-art-intel,Nougat,https://github.com/android-art-intel/Nougat,https://github.com/android-art-intel/Nougat/blob/ea41b6bfe5c6b62a3163437438b21568cc783a24/art-extension/opttests/src/OptimizationTests/FormBottomLoops/FloatPointIterator_03/Main.java,1,3
170,jnidzwetzki,crypto-bot,https://github.com/jnidzwetzki/crypto-bot,https://github.com/jnidzwetzki/crypto-bot/blob/47892f585558b7cc74f11a70f72e190945a0af86/crypto-bot-backtest/src/main/java/com/github/jnidzwetzki/cryptobot/backtest/Main.java,4,27
171,Divested-Mobile,WiFiDatabaseMerger,https://github.com/Divested-Mobile/WiFiDatabaseMerger,https://github.com/Divested-Mobile/WiFiDatabaseMerger/blob/25c4d92b43b745e3b60e7aa0797eb7d486362b2b/src/Main.java,2,40
172,tony9402,baekjoon,https://github.com/tony9402/baekjoon,https://github.com/tony9402/baekjoon/blob/f0ec10900f104b367b3bf804a7af19e9a39e2a8a/solution/graph_traversal/17836/Main.java,4,12
173,MRU-COMP1502-201901,COMP-1502-001-W19,https://github.com/MRU-COMP1502-201901/COMP-1502-001-W19,https://github.com/MRU-COMP1502-201901/COMP-1502-001-W19/blob/1f02ce3a1980d2a1174e8da9e646bb693a424d6a/examples/Collections/src/collections/Main.java,2,2
174,piax,piax,https://github.com/piax/piax,https://github.com/piax/piax/blob/096b628df43a89444fe1d447379d8100d9c65558/piax-sample/src/main/java/org/piax/samples/gtrans/hello/agent/receiver/Main.java,2,18
175,mmastrac,oblivious-cpu,https://github.com/mmastrac/oblivious-cpu,https://github.com/mmastrac/oblivious-cpu/blob/c60421f3bd070680336425a725f6fed1a27ee6ab/hidecpu/src/main/java/com/grack/hidecpu/Main.java,5,36
176,SCI2SUGR,KEEL,https://github.com/SCI2SUGR/KEEL,https://github.com/SCI2SUGR/KEEL/blob/5f404a9470f17528445baabe3a5d9f5202adee7a/src/keel/Algorithms/UnsupervisedLearning/AssociationRules/IntervalRuleLearning/QAR_CIP_NSGAII/Main.java,2,10
177,Deconimus,JarShrink,https://github.com/Deconimus/JarShrink,https://github.com/Deconimus/JarShrink/blob/cc8674d2343a1afb47a7aaf49391fc3740f89c49/src/jarshrink/Main.java,7,21
178,Gadreel,divconq,https://github.com/Gadreel/divconq,https://github.com/Gadreel/divconq/blob/28520b38cc77f77ef26ca74228a5cbf535960b31/divconq.tasks/src/main/java/divconq/tasks/services/Main.java,4,4
179,cincheo,ini,https://github.com/cincheo/ini,https://github.com/cincheo/ini/blob/c1e89b3c0520143f1cda0ea623aa9c036b15ff0f/src/main/java/ini/Main.java,40,50
180,plutext,docx4j,https://github.com/plutext/docx4j,https://github.com/plutext/docx4j/blob/1f496eca1f70e07d8c112168857bee4c8e6b0514/docx4j-diffx/src/main/java/com/topologi/diffx/Main.java,1,44
181,LandryNorris,Digital-Circuit-Simulator,https://github.com/LandryNorris/Digital-Circuit-Simulator,https://github.com/LandryNorris/Digital-Circuit-Simulator/blob/4dd634ffb622a4f65ec7fd126e482a7300b8564a/src/com/landry/digitalcircuitsimulator/Main.java,3,59
182,jeonghunn,Favorite-Android-Client,https://github.com/jeonghunn/Favorite-Android-Client,https://github.com/jeonghunn/Favorite-Android-Client/blob/5867e745f2cf9287d504ea13e70fbc8472a96af6/Favorite/src/com/tarks/favorite/main.java,25,19
183,apache,openjpa,https://github.com/apache/openjpa,https://github.com/apache/openjpa/blob/a1e46a10c68c8176cda82db3d1b60e97ca412b75/openjpa-examples/simple/src/main/java/embeddables/Main.java,3,10
184,s4,zeno,https://github.com/s4/zeno,https://github.com/s4/zeno/blob/7c088d1a1230ac68c6280458105a7ed35ca4a67f/src/main/java/io/s4/zeno/console/Main.java,1,23
185,joana-team,joana,https://github.com/joana-team/joana,https://github.com/joana-team/joana/blob/d49d82b5892f9331d37432d02d090f28feab56ea/ifc/sdg/qifc/joana.ifc.sdg.qifc.nildumu/src/edu/kit/joana/ifc/sdg/qifc/nildumu/Main.java,1,5
186,DokChess,dokchess,https://github.com/DokChess/dokchess,https://github.com/DokChess/dokchess/blob/8812178ebbe4b5831e2c314cfb86130ce14f5ae6/src/main/java/de/dokchess/xboard/Main.java,8,14
187,bloomberg,presto-accumulo,https://github.com/bloomberg/presto-accumulo,https://github.com/bloomberg/presto-accumulo/blob/a496a78b32f8579466e6f5be90d63d3927888fa2/presto-accumulo-tools/src/main/java/com/facebook/presto/accumulo/tools/Main.java,11,46
188,OpenJML,OpenJML,https://github.com/OpenJML/OpenJML,https://github.com/OpenJML/OpenJML/blob/41e97a1f19b8d9adc7d33cef81fbf814fd4a56c9/OpenJDK/trunk/langtools/src/share/classes/com/sun/tools/javac/main/Main.java,26,14
189,gehtsoft,forex-connect,https://github.com/gehtsoft/forex-connect,https://github.com/gehtsoft/forex-connect/blob/0f1b2d0e8ca972ddc83b01acdb74e75d3aef9bf7/samples/Linux/java/NonTableManagerSamples/LoginWithToken/src/Main.java,1,28
190,ngs-doo,dsl-compiler-client,https://github.com/ngs-doo/dsl-compiler-client,https://github.com/ngs-doo/dsl-compiler-client/blob/de09c1f5e5d23140ad3ee40c9a9be0e461b94fa4/CommandLineClient/src/main/java/com/dslplatform/compiler/client/Main.java,10,34
191,project-spinoza,instagram-swiss-army-knife,https://github.com/project-spinoza/instagram-swiss-army-knife,https://github.com/project-spinoza/instagram-swiss-army-knife/blob/c66d64ec3464cd6dd4438390339972473499c13d/src/main/java/org/projectspinoza/isak/commandbox/Main.java,2,5
192,AnshSinghSonkhia,Java-Notes-in-One-Shot,https://github.com/AnshSinghSonkhia/Java-Notes-in-One-Shot,https://github.com/AnshSinghSonkhia/Java-Notes-in-One-Shot/blob/0972ca2366066b6fd461d372f102221e6b4545a3/Main.java,2,9
193,eroszanchetta,BootCaT,https://github.com/eroszanchetta/BootCaT,https://github.com/eroszanchetta/BootCaT/blob/6429bc4e206fe4f35eb03acf2d2ff250b89bd292/src/tools/tuplesbuilder/Main.java,4,20
194,RobertZenz,jLuaScript,https://github.com/RobertZenz/jLuaScript,https://github.com/RobertZenz/jLuaScript/blob/da0422f4a33cea62a5886972e629ed8d641202b8/modules/standalone/src/org/bonsaimind/jluascript/Main.java,3,16
195,triplequote,pants,https://github.com/triplequote/pants,https://github.com/triplequote/pants/blob/2bdb2233b29a95fe04b39a15c79fdb971ba935bb/src/java/org/pantsbuild/tools/jar/Main.java,4,16
196,dzaima,aoc,https://github.com/dzaima/aoc,https://github.com/dzaima/aoc/blob/f9d3d9501b314556bcf9f10ed237e9134379af85/2021/Java/day5_p1/Main.java,3,32
197,teamcharter,starterwebapp,https://github.com/teamcharter/starterwebapp,https://github.com/teamcharter/starterwebapp/blob/043e5d658865127a37388fe8446a29ed787a3330/server/Main.java,2,6
198,Etisalat-Egypt,Rodan,https://github.com/Etisalat-Egypt/Rodan,https://github.com/Etisalat-Egypt/Rodan/blob/731c9c77ef6b0faf5099828999e0386ffcf5030c/src/lab/ss7/stp/main/cli/src/main/java/com/rodan/lab/ss7/stp/main/cli/Main.java,1,7
199,Glank,TSP,https://github.com/Glank/TSP,https://github.com/Glank/TSP/blob/322dcbb9fde4aa8dba7568a7c13f7cd8b631f044/src/pcc/ui/Main.java,25,34
200,YuukiARIA,LambdaMagica,https://github.com/YuukiARIA/LambdaMagica,https://github.com/YuukiARIA/LambdaMagica/blob/c54ea8954e67ac318d56ab68a11fa9b713b16ce5/Lambda/src/lambda/Main.java,15,41
201,css4j,echosvg,https://github.com/css4j/echosvg,https://github.com/css4j/echosvg/blob/0822da495d10f013ced307f2288828a1495438f9/echosvg-svgpp/src/main/java/io/sf/carte/echosvg/apps/svgpp/Main.java,5,29
202,jintao05,thucp,https://github.com/jintao05/thucp,https://github.com/jintao05/thucp/blob/048a2bf0f0fe28125233235dd747c4955e98f9a1/spmf/ca/pfv/spmf/gui/Main.java,1,2
203,killerprojecte,UMCL,https://github.com/killerprojecte/UMCL,https://github.com/killerprojecte/UMCL/blob/600f3b791aeb5243a1902e183ffdba62242e86ea/UMCL/src/main/java/org/jackhuang/hmcl/Main.java,1,2
204,heineman,algorithms-nutshell-2ed,https://github.com/heineman/algorithms-nutshell-2ed,https://github.com/heineman/algorithms-nutshell-2ed/blob/6bdaf7ee2878f69a2df00ae7a3274f5d43d24605/Figures/src/algs/chapter7/table1/Main.java,1,3
205,toddsundsted,ki,https://github.com/toddsundsted/ki,https://github.com/toddsundsted/ki/blob/4d84746f5706d247242f17fbb0c5cc08fc9861c3/ki/jess/Main.java,1,38
206,ChrisC132,Adaptive-Channels-for-TS3-Servers,https://github.com/ChrisC132/Adaptive-Channels-for-TS3-Servers,https://github.com/ChrisC132/Adaptive-Channels-for-TS3-Servers/blob/ba966e05bba035d5b345df66a4b47bee5f05707c/src/main/java/Main.java,7,29
207,PLaSSticity,Vindicator,https://github.com/PLaSSticity/Vindicator,https://github.com/PLaSSticity/Vindicator/blob/31768aad4f8a9e847f28de5d7c906e702b49a004/benchmarks/xalan/Main.java,1,4
208,bhuvansingla,aerodrome-roadrunner,https://github.com/bhuvansingla/aerodrome-roadrunner,https://github.com/bhuvansingla/aerodrome-roadrunner/blob/16a10a03049cf91c4ac9f180965b1433f9714fa6/benchmarks/xalan/Main.java,2,4
209,hungdoansy,Original_VerifiedFT,https://github.com/hungdoansy/Original_VerifiedFT,https://github.com/hungdoansy/Original_VerifiedFT/blob/f530f3fcd397014d4365cab32a84ff400ed5e042/benchmarks/xalan/Main.java,1,4
210,tony9402,solutions_for_baekjoon_problems,https://github.com/tony9402/solutions_for_baekjoon_problems,https://github.com/tony9402/solutions_for_baekjoon_problems/blob/83783fe4a7778acdcf2f16ba52d902c7d2cd141f/graph_traversal/17836/Main.java,4,12
211,tony9402,playground-for-baekjoon-update,https://github.com/tony9402/playground-for-baekjoon-update,https://github.com/tony9402/playground-for-baekjoon-update/blob/67435ba90116d44ef187021aacf414937fb4259a/solution/graph_traversal/17836/Main.java,1,12
212,guillepg,docx4j,https://github.com/guillepg/docx4j,https://github.com/guillepg/docx4j/blob/6ece4b2566723e012e6d47ae85edc6ed250ca592/src/diffx/com/topologi/diffx/Main.java,2,44
213,dormaayan,Corpus,https://github.com/dormaayan/Corpus,https://github.com/dormaayan/Corpus/blob/7186ac8dab669b6791cf8b5373f3e4fbbe152838/GL/docx4j/Current/src/diffx/com/topologi/diffx/Main.java,1,44
214,gehtsoft,forex-connect,https://github.com/gehtsoft/forex-connect,https://github.com/gehtsoft/forex-connect/blob/0f1b2d0e8ca972ddc83b01acdb74e75d3aef9bf7/samples/macOS/java/NonTableManagerSamples/LoginWithToken/src/Main.java,1,28
215,ibmruntimes,openj9-openjdk-jdk21,https://github.com/ibmruntimes/openj9-openjdk-jdk21,https://github.com/ibmruntimes/openj9-openjdk-jdk21/blob/74bc2cc8cef2aa330bfcb5495d342c5040a03a92/src/jdk.compiler/share/classes/com/sun/tools/javac/launcher/Main.java,16,19
216,ibmruntimes,openj9-openjdk-jdk,https://github.com/ibmruntimes/openj9-openjdk-jdk,https://github.com/ibmruntimes/openj9-openjdk-jdk/blob/5b1ffe6651bae168484dd88745897eb3741929f4/src/jdk.compiler/share/classes/com/sun/tools/javac/launcher/Main.java,16,19
217,h4ck3rm1k3,gcc,https://github.com/h4ck3rm1k3/gcc,https://github.com/h4ck3rm1k3/gcc/blob/f973297ee94f767dd91e9b1855b2b9c5095acd60/libjava/gnu/gcj/tools/gcj_dbtool/Main.java,18,49
218,embecosm,epiphany-gcc,https://github.com/embecosm/epiphany-gcc,https://github.com/embecosm/epiphany-gcc/blob/e93edd959f3fbb753a47fa53e0d02b50691610e8/libjava/gnu/gcj/tools/gcj_dbtool/Main.java,18,49
219,fakeNetflix,indeedeng-repo-intellij-community,https://github.com/fakeNetflix/indeedeng-repo-intellij-community,https://github.com/fakeNetflix/indeedeng-repo-intellij-community/blob/0f88f54ed77c9935a3c4914ebf0bfa55d8a4fc42/tools/lexer/jflex-1.4/src/JFlex/Main.java,2,28
220,neo4j,neo4j,https://github.com/neo4j/neo4j,https://github.com/neo4j/neo4j/blob/5ad4387ed521f169a737f9836402dbac8759a9fc/community/cypher-shell/cypher-shell/src/main/java/org/neo4j/shell/Main.java,25,18
221,openjdk,valhalla,https://github.com/openjdk/valhalla,https://github.com/openjdk/valhalla/blob/cabc4d28c5c92f6386252851b0dede1ddde3129c/test/lib/org/openjdk/asmtools/jcdec/Main.java,1,149
222,openjdk,shenandoah,https://github.com/openjdk/shenandoah,https://github.com/openjdk/shenandoah/blob/0f4b2183b40fc8d6583224c8bf8cf8aac42f359c/src/jdk.compiler/share/classes/com/sun/tools/javac/launcher/Main.java,16,19
223,graalvm,labs-openjdk-21,https://github.com/graalvm/labs-openjdk-21,https://github.com/graalvm/labs-openjdk-21/blob/ff74a7c6bcdedbe59e78165c491f1257fb9fbfe1/src/jdk.compiler/share/classes/com/sun/tools/javac/launcher/Main.java,16,19
224,openjdk,jdk21u,https://github.com/openjdk/jdk21u,https://github.com/openjdk/jdk21u/blob/79d44fdebc79a562ceabd4533784f49f6fd2c56f/src/jdk.compiler/share/classes/com/sun/tools/javac/launcher/Main.java,16,19
225,twosigma,OpenJDK,https://github.com/twosigma/OpenJDK,https://github.com/twosigma/OpenJDK/blob/116627dfb0ef3ac4d4e4d3a37a7f028759429583/src/java.scripting/share/classes/com/sun/tools/script/shell/Main.java,4,7
226,corretto,corretto-20,https://github.com/corretto/corretto-20,https://github.com/corretto/corretto-20/blob/3d47e851c866fd43a1a3759075870121ac35ed58/src/java.scripting/share/classes/com/sun/tools/script/shell/Main.java,4,7
227,openjdk,zgc,https://github.com/openjdk/zgc,https://github.com/openjdk/zgc/blob/ccf2f5837b31cddd24ec81f7f67107d9fc03c294/src/java.scripting/share/classes/com/sun/tools/script/shell/Main.java,4,7
228,adoptium,jdk20u,https://github.com/adoptium/jdk20u,https://github.com/adoptium/jdk20u/blob/057d320b7defa4cb043c8dfc34daa4de0d3a9b23/src/java.scripting/share/classes/com/sun/tools/script/shell/Main.java,4,7
229,microsoft,openjdk-jdk20u,https://github.com/microsoft/openjdk-jdk20u,https://github.com/microsoft/openjdk-jdk20u/blob/057d320b7defa4cb043c8dfc34daa4de0d3a9b23/src/java.scripting/share/classes/com/sun/tools/script/shell/Main.java,4,7
230,openjdk,portola,https://github.com/openjdk/portola,https://github.com/openjdk/portola/blob/ce62a5ef013c4dbe50e903ec4d6adcee12340e2b/src/jdk.javadoc/share/classes/jdk/javadoc/internal/tool/Main.java,5,7
231,apache,camel,https://github.com/apache/camel,https://github.com/apache/camel/blob/5c713226c88f2d0ea58b7c0581e94d716b452c3d/core/camel-main/src/main/java/org/apache/camel/main/Main.java,19,11
232,joewalnes,idea-community,https://github.com/joewalnes/idea-community,https://github.com/joewalnes/idea-community/blob/1fa2c45953ed08667da52b1b83d44c56eb83b043/tools/lexer/jflex-1.4/src/JFlex/Main.java,2,28
233,github,codeql,https://github.com/github/codeql,https://github.com/github/codeql/blob/95ddc01ccb562a0a3b712a0d2e417cecf1366935/javascript/extractor/src/com/semmle/js/extractor/Main.java,96,17
234,jenkinsci,jenkins,https://github.com/jenkinsci/jenkins,https://github.com/jenkinsci/jenkins/blob/29f59d038ebb54cdc91f67be5789ede5fd136bfa/war/src/main/java/executable/Main.java,9,11
235,NotMyFault,jenkins-blocks,https://github.com/NotMyFault/jenkins-blocks,https://github.com/NotMyFault/jenkins-blocks/blob/a6ff3afd42179492ddd16e5bcac9ed44d3bac720/war/src/main/java/executable/Main.java,9,11
236,MusicPlayerDaemon,MPD,https://github.com/MusicPlayerDaemon/MPD,https://github.com/MusicPlayerDaemon/MPD/blob/9c19368fc789fa7101110f73b6ffae8503ae326d/android/src/Main.java,22,16
237,codehaus,groovy-git,https://github.com/codehaus/groovy-git,https://github.com/codehaus/groovy-git/blob/7f940159920d4ea5bc727cfcbef8aba9b48c5e50/src/main/org/codehaus/groovy/antlr/Main.java,10,19
238,eclipse-aspectj,aspectj,https://github.com/eclipse-aspectj/aspectj,https://github.com/eclipse-aspectj/aspectj/blob/ab65cbdd5887a1ea4b4e96db044584e347265f9e/docs/sandbox/ubc-design-patterns/src/ca/ubc/cs/spl/aspectPatterns/examples/abstractFactory/java/Main.java,1,24
239,smx-extra,org.aspectj,https://github.com/smx-extra/org.aspectj,https://github.com/smx-extra/org.aspectj/blob/3030eb6cfde33d57de3fb28220defa91deb6cfe1/docs/sandbox/ubc-design-patterns/src/ca/ubc/cs/spl/aspectPatterns/examples/abstractFactory/java/Main.java,1,24
240,chorman0773,org.aspectj,https://github.com/chorman0773/org.aspectj,https://github.com/chorman0773/org.aspectj/blob/9e992d6e5e2809afdc18ee4ce4e3bc42b9883e00/docs/sandbox/ubc-design-patterns/src/ca/ubc/cs/spl/aspectPatterns/examples/abstractFactory/java/Main.java,1,24
241,soot-oss,soot,https://github.com/soot-oss/soot,https://github.com/soot-oss/soot/blob/1ad74494974165e8b5f2286c90f218a00eadc243/src/main/java/soot/Main.java,16,33
242,OpenUniversity,ajc,https://github.com/OpenUniversity/ajc,https://github.com/OpenUniversity/ajc/blob/9a8e1676fc022ce5fee89782a701057eee563864/docs/sandbox/ubc-design-patterns/src/ca/ubc/cs/spl/aspectPatterns/examples/abstractFactory/java/Main.java,1,24
243,karatelabs,karate,https://github.com/karatelabs/karate,https://github.com/karatelabs/karate/blob/7e183640db5efc375cb4643fdd9c95f35700a71d/karate-core/src/main/java/com/intuit/karate/Main.java,49,18
244,mozilla,rhino,https://github.com/mozilla/rhino,https://github.com/mozilla/rhino/blob/59fd3809b308cb4e977241543b73d3252d2f67d7/toolsrc/org/mozilla/javascript/tools/debugger/Main.java,81,60
245,apple,servicetalk,https://github.com/apple/servicetalk,https://github.com/apple/servicetalk/blob/51f8c6565496fa135c6560cbd21c68effb65b24c/servicetalk-grpc-protoc/src/main/java/io/servicetalk/grpc/protoc/Main.java,8,6
246,javamelody,javamelody,https://github.com/javamelody/javamelody,https://github.com/javamelody/javamelody/blob/50640bc6174482a9b003c090331fe326c226a07e/javamelody-core/src/main/java/net/bull/javamelody/Main.java,14,21
247,huanghongxun,HMCL,https://github.com/huanghongxun/HMCL,https://github.com/huanghongxun/HMCL/blob/470c3d6c24619ee5c3d6b8f0cec28bce7b22bf09/HMCL/src/main/java/org/jackhuang/hmcl/Main.java,68,2
248,umlet,umlet,https://github.com/umlet/umlet,https://github.com/umlet/umlet/blob/a235c33da3335c3a062bc458816f30acfb060f6c/umlet-swing/src/main/java/com/baselet/control/Main.java,6,8
249,eric7237cire,CodeJam,https://github.com/eric7237cire/CodeJam,https://github.com/eric7237cire/CodeJam/blob/ca9dd1ddad5c42a02731c3c7c8e4342bd5c9ee9d/cjava/src/main/java/codejam/y2012/round_final/zombie_smash/Main.java,5,2
250,apache,geronimo-gshell,https://github.com/apache/geronimo-gshell,https://github.com/apache/geronimo-gshell/blob/51c982761777b2ce2fbf0b18ab642a5cf0c169eb/gshell-cli/src/main/java/org/apache/geronimo/gshell/cli/Main.java,100,25
251,google-code-export,nativelibs4java,https://github.com/google-code-export/nativelibs4java,https://github.com/google-code-export/nativelibs4java/blob/3a1fdc38172201a0c66ebd03865c9b9e0c71d9e5/Moved%20to%20GitHub/jnaerator/anarres/src/java/org/anarres/cpp/Main.java,0,85
252,a0x8o,kafka,https://github.com/a0x8o/kafka,https://github.com/a0x8o/kafka/blob/54eff6af115ee647f60129f2ce6a044cb17215d0/sdks/java/nexmark/src/main/java/org/apache/beam/sdk/nexmark/Main.java,1,5
253,a0x8o,beam,https://github.com/a0x8o/beam,https://github.com/a0x8o/beam/blob/c20455fe0a97c885a8ef11d60d3381020c9f1bdc/sdks/java/nexmark/src/main/java/org/apache/beam/sdk/nexmark/Main.java,4,5
254,kpeel5839,CodingTest,https://github.com/kpeel5839/CodingTest,https://github.com/kpeel5839/CodingTest/blob/31734a35e2edd3b1eb26532e65b13dd49f1d9580/BJ/Java/11000_problem/src/Main.java,1,6
255,fancyChuan,bigdata-hub,https://github.com/fancyChuan/bigdata-hub,https://github.com/fancyChuan/bigdata-hub/blob/7c4af7e39c985ca43b7cd24be78525e642c1f923/spark/src/main/java/learningSpark/rddProgram/Main.java,7,19
256,epfldata,squall,https://github.com/epfldata/squall,https://github.com/epfldata/squall/blob/9b5c9f14ead726e7e7e6c452598f488657a5be18/squall-core/src/main/java/ch/epfl/data/squall/main/Main.java,8,13
257,nativelibs4java,JNAerator,https://github.com/nativelibs4java/JNAerator,https://github.com/nativelibs4java/JNAerator/blob/8e8a382a3cc17fbed1dbf626a151d599c53d8baa/anarres/src/main/velocity/org/anarres/cpp/Main.java,1,85
258,skysign,WSAPT,https://github.com/skysign/WSAPT,https://github.com/skysign/WSAPT/blob/b050dbea07513300ae69087c0052decd8c1d9572/ALGOSPOT%20PACKING/src/Main.java,0,17
259,albertlatacz,java-repl,https://github.com/albertlatacz/java-repl,https://github.com/albertlatacz/java-repl/blob/5fb4d89637cf6ec9c1a735ba29db122f572a9c00/src/javarepl/Main.java,100,37
260,IllusionRom-deprecated,android_platform_tools_idea,https://github.com/IllusionRom-deprecated/android_platform_tools_idea,https://github.com/IllusionRom-deprecated/android_platform_tools_idea/blob/b557fdbb754e1d9f6b222ecb426785beb112db04/tools/lexer/jflex-1.4/src/JFlex/Main.java,1,28
261,a0x8o,drill,https://github.com/a0x8o/drill,https://github.com/a0x8o/drill/blob/e7a29ee56d725b469cae796944316baf46dc1857/sdks/java/nexmark/src/main/java/org/apache/beam/sdk/nexmark/Main.java,1,5
262,DayBreak-u,chineseocr_lite,https://github.com/DayBreak-u/chineseocr_lite,https://github.com/DayBreak-u/chineseocr_lite/blob/6b1a2ae63143805c96719d8b8d8309884a14f75e/jvm_projects/OcrLiteNcnnJvm/src/main/java/com/benjaminwan/ocr/Main.java,2,15
263,magnitopic,Programacion_DAW,https://github.com/magnitopic/Programacion_DAW,https://github.com/magnitopic/Programacion_DAW/blob/91bbb083a8e60ab192d0280be167124664116c70/EjercicioNBA/Main.java,9,48
264,atgreen,moxiedev,https://github.com/atgreen/moxiedev,https://github.com/atgreen/moxiedev/blob/4701d7c641bc4ac3be1ce3f12f336c41ccf1435f/gcc/libjava/gnu/gcj/tools/gcj_dbtool/Main.java,4,49
265,leonghia,aptech,https://github.com/leonghia/aptech,https://github.com/leonghia/aptech/blob/8d1c7716ed85ed5ae31687df5be04ef998934ee1/jp2/exercises/BankManagement/src/main/java/com/nghia3/Main.java,2,70
266,Appdynamics,OSS,https://github.com/Appdynamics/OSS,https://github.com/Appdynamics/OSS/blob/1e112f8854a25b3ecf337cad6eccf7c85e732525/aspectjrt/1.5.3/docs/sandbox/ubc-design-patterns/src/ca/ubc/cs/spl/aspectPatterns/examples/abstractFactory/java/Main.java,1,24
267,benebsiny,NineNine,https://github.com/benebsiny/NineNine,https://github.com/benebsiny/NineNine/blob/5a3f4affd6864acd40559cb8a539febb95dda199/src/main/java/Server/Main.java,43,55
268,tangyou79,LDkit,https://github.com/tangyou79/LDkit,https://github.com/tangyou79/LDkit/blob/f3d0183b683e6a7ebbc45259473918a6701d7ff1/source%20code/src/com/LD/start/main.java,0,14
269,wttech,SecureAEM,https://github.com/wttech/SecureAEM,https://github.com/wttech/SecureAEM/blob/8ec0478ea7ee88b5163f1336e4bfc8ea4cd8eab2/src/main/java/com/cognifide/secureaem/cli/Main.java,15,19
270,21Joakim,Jockie-Utils,https://github.com/21Joakim/Jockie-Utils,https://github.com/21Joakim/Jockie-Utils/blob/2d9234f7c01d3022d4f97871bbba89ab9668217d/example/example/Main.java,12,11
271,a0x8o,presto,https://github.com/a0x8o/presto,https://github.com/a0x8o/presto/blob/ea44cc80f1334cc32374f16f7b4cad74af308dbc/sdks/java/nexmark/src/main/java/org/apache/beam/sdk/nexmark/Main.java,1,5
272,UCDGeeks,RealEstate_System,https://github.com/UCDGeeks/RealEstate_System,https://github.com/UCDGeeks/RealEstate_System/blob/78f90d7e34e21569829d2e9242937b6cb621f438/src/views/main.java,8,2
273,BYUCS452F2020,white_chapel_helper,https://github.com/BYUCS452F2020/white_chapel_helper,https://github.com/BYUCS452F2020/white_chapel_helper/blob/050afcfc83e830861146c36dbd05c42a255109b1/src/main/java/Relational/Main.java,1,23
274,zozich,GoFE8-AKoziulia,https://github.com/zozich/GoFE8-AKoziulia,https://github.com/zozich/GoFE8-AKoziulia/blob/93971ebfa92c0270cae90b5935e61d467426e2a7/src/robot_game/Main.java,1,18
275,izgzhen,markii,https://github.com/izgzhen/markii,https://github.com/izgzhen/markii/blob/237a054a72f01121ce0fefac7532c1a39444e852/src/main/java/soot/Main.java,2,33
276,ckcks12,Homework,https://github.com/ckcks12/Homework,https://github.com/ckcks12/Homework/blob/bc9763524bd247ee5b383028e59359d6a76cc7db/db/hw2/server/src/server/main.java,2,9
277,ukitta555,University-Assignments,https://github.com/ukitta555/University-Assignments,https://github.com/ukitta555/University-Assignments/blob/d2fcc5d55c75e8da0f139be66359db047e20e806/High%20school%20projects%20(Java)/Server/Main.java,0,20
278,Fuzion24,JustTrustMe,https://github.com/Fuzion24/JustTrustMe,https://github.com/Fuzion24/JustTrustMe/blob/861c5faffeac1d3eb11323362db3256c66444dc5/app/src/main/java/just/trust/me/Main.java,30,10
279,karineek,KEM_CodeU_Assignments,https://github.com/karineek/KEM_CodeU_Assignments,https://github.com/karineek/KEM_CodeU_Assignments/blob/a077a0972d6d54a97751221d0dec118e9917ddef/CodeU_Assignement_2/src/codeu_assignement_2/main.java,6,68
280,0x000N3X4N,JavaPractice,https://github.com/0x000N3X4N/JavaPractice,https://github.com/0x000N3X4N/JavaPractice/blob/5a88312577ea47d9c3fc80578f08159d00fea8fc/src/TrainingProgram/main.java,2,26
281,NewComer00,chinese-pdf-ocr,https://github.com/NewComer00/chinese-pdf-ocr,https://github.com/NewComer00/chinese-pdf-ocr/blob/5bf03d9a49cd2fd8d3a0a1dc79fe307b38150a43/chineseocr_lite/jvm_projects/OcrLiteNcnnJvm/src/main/java/com/benjaminwan/ocr/Main.java,1,15
282,mihaip,dex-method-counts,https://github.com/mihaip/dex-method-counts,https://github.com/mihaip/dex-method-counts/blob/92ce28416cad857a5500b6dba543543d942bfa6f/src/info/persistent/dex/Main.java,16,21
283,MTUSTA,Code-Repo,https://github.com/MTUSTA/Code-Repo,https://github.com/MTUSTA/Code-Repo/blob/fc297d71b161a93819fb884caab9118eebf10a9a/BBM104/2017/Assignment3/src/Main.java,1,8
284,SEG2105-uottawa,seg2105f20-lab1-group-capn,https://github.com/SEG2105-uottawa/seg2105f20-lab1-group-capn,https://github.com/SEG2105-uottawa/seg2105f20-lab1-group-capn/blob/505be78a56675be1856d935d856c7c5473fa897e/main.java,1,5
285,a0x8o,druid,https://github.com/a0x8o/druid,https://github.com/a0x8o/druid/blob/865372401245a2204d75954a12d0d2bc177037c3/sdks/java/nexmark/src/main/java/org/apache/beam/sdk/nexmark/Main.java,1,5
286,lrusso,AndruinoBluetooth,https://github.com/lrusso/AndruinoBluetooth,https://github.com/lrusso/AndruinoBluetooth/blob/d1aeb138f8bd63f3649d2c31d0b1a07fc297a719/Andruino%20Bluetooth/app/src/main/java/ar/com/lrusso/andruinobluetooth/Main.java,0,49
287,mclumd,erewhon_systems,https://github.com/mclumd/erewhon_systems,https://github.com/mclumd/erewhon_systems/blob/93655a96415a01d8f5e49a1f2c244cbfd22b65f2/player-3.0.2/libplayercore/bindings/java/main.java,1,12
288,mchalin,ProyectoPre,https://github.com/mchalin/ProyectoPre,https://github.com/mchalin/ProyectoPre/blob/c8d63f44ab04ccd37d4d21237e0b24190ce8cd7d/EnJava/SistemaVentas/src/dominio/main.java,16,14
289,hanada31,CrashTracker-ArtifactForICSE,https://github.com/hanada31/CrashTracker-ArtifactForICSE,https://github.com/hanada31/CrashTracker-ArtifactForICSE/blob/418c906287ee8f1e1123585b32f106381e74f004/CrashTrackerTool/soot-dev/src/main/java/soot/Main.java,1,33
290,lsa-pucrs,Player,https://github.com/lsa-pucrs/Player,https://github.com/lsa-pucrs/Player/blob/38cea1e523cea958ca1a06baf2c4b6f17106ed09/libplayercore/bindings/java/main.java,1,12
291,RuslanAl1mov,bsuir_fkp_java_labs,https://github.com/RuslanAl1mov/bsuir_fkp_java_labs,https://github.com/RuslanAl1mov/bsuir_fkp_java_labs/blob/5d23a92ab6303361716d15152776deef57730371/UniversityLab1Var26/src/Main.java,1,17
292,gzu-liyujiang,UnicodeEmoji,https://github.com/gzu-liyujiang/UnicodeEmoji,https://github.com/gzu-liyujiang/UnicodeEmoji/blob/f7b2a34fbd46f3ac6a1fdecda871cd8ef97f5544/src/com/github/gzuliyujiang/UnicodeEmoji/Main.java,5,59
293,benjaminwan,OcrLiteNcnnJvm,https://github.com/benjaminwan/OcrLiteNcnnJvm,https://github.com/benjaminwan/OcrLiteNcnnJvm/blob/4c1573d3a93f6833055e695cbcd7d1725d0f3968/src/main/java/com/benjaminwan/ocr/Main.java,4,15
294,lada-gagina,player-middleware,https://github.com/lada-gagina/player-middleware,https://github.com/lada-gagina/player-middleware/blob/a4c84e9e0f1163242282be16894ae5e4c7814dc9/player-3.0.2/libplayercore/bindings/java/main.java,1,12
295,carldea,matrixfx,https://github.com/carldea/matrixfx,https://github.com/carldea/matrixfx/blob/11ff0598a04d2114c228b71f8ff83d45e973602e/src/main/java/com/carlfx/matrixfx/Main.java,3,20
296,DongjieHe,Soot,https://github.com/DongjieHe/Soot,https://github.com/DongjieHe/Soot/blob/c0f09fe79697548ab2f7c67e4a46fbc5975cb48b/src/main/java/soot/Main.java,1,33
297,yMaatheus,VastusMC,https://github.com/yMaatheus/VastusMC,https://github.com/yMaatheus/VastusMC/blob/b6414b7f11926370ebabe2ead3e1f252615ce629/VastusEssentials/src/dev/vastusmc/essentials/Main.java,1,6
298,abroun,Player-UweSub,https://github.com/abroun/Player-UweSub,https://github.com/abroun/Player-UweSub/blob/b5979160313b9a548ea23f12d7f1aa7624aa9088/libplayercore/bindings/java/main.java,1,12
299,aerze,four-in-a-row,https://github.com/aerze/four-in-a-row,https://github.com/aerze/four-in-a-row/blob/44caaecba31c78cb0b0a4c57e974c805c77c7d16/main.java,1,16
300,ps3dev,gcc-4.7.0-PS3,https://github.com/ps3dev/gcc-4.7.0-PS3,https://github.com/ps3dev/gcc-4.7.0-PS3/blob/5d9addb08be92a040b8a8675c9e5a231ce37d705/libjava/gnu/gcj/tools/gcj_dbtool/Main.java,1,49
301,hiddewie,Schaken,https://github.com/hiddewie/Schaken,https://github.com/hiddewie/Schaken/blob/774529ab52d99bb1ed01fab9cf0e7415c51da1df/src/Main.java,1,1
302,BreakawayConsulting,gcc,https://github.com/BreakawayConsulting/gcc,https://github.com/BreakawayConsulting/gcc/blob/494009614ec39c25be697e6cabc5361e621413e4/libjava/gnu/gcj/tools/gcj_dbtool/Main.java,1,49
303,lshain-android-source,tools-idea,https://github.com/lshain-android-source/tools-idea,https://github.com/lshain-android-source/tools-idea/blob/b37108d841684bcc2af45a2539b75dd62c4e283c/tools/lexer/jflex-1.4/src/JFlex/Main.java,1,28
304,romankagan,DDBWorkbench,https://github.com/romankagan/DDBWorkbench,https://github.com/romankagan/DDBWorkbench/blob/a2d89118776fea1096b296f1714143f9b2d6c5f4/tools/lexer/jflex-1.4/src/JFlex/Main.java,1,28
305,mcPear,circleCrop,https://github.com/mcPear/circleCrop,https://github.com/mcPear/circleCrop/blob/6f8c7788a33937add39441e494d67ff63bec4de4/src/main/java/Main.java,2,6
306,vishwaabhinav-zz,OpenNMS,https://github.com/vishwaabhinav-zz/OpenNMS,https://github.com/vishwaabhinav-zz/OpenNMS/blob/f6eeceeaa9f4f4e9674e60435f1ca89fd5a04552/features/instrumentationLogReader/src/main/java/org/opennms/util/ilr/Main.java,2,16
